id	product_id	track_number	name	composer	arranger	source_id	is_original
010101	0101	1	A Sacred Lot	ZUN			1
010102	0101	2	永遠の巫女	ZUN			1
010103	0101	3	The Positive and Negative	ZUN			1
010104	0101	4	Highly Responsive to Prayers	ZUN			1
010105	0101	5	東方怪奇談	ZUN			1
010106	0101	6	天使伝説	ZUN			1
010107	0101	7	Oriental Magician	ZUN			1
010108	0101	8	破邪の小太刀	ZUN			1
010109	0101	9	魔鏡	ZUN			1
010110	0101	10	the Legend of KAGE	ZUN			1
010111	0101	11	いざ、倒れ逝くその時まで	ZUN			1
010112	0101	12	死なばもろとも	ZUN			1
010113	0101	13	星幽剣士	ZUN			1
010114	0101	14	アイリス	ZUN			1
010115	0101	15	風の神社	ZUN			1
010201	0102	1	東方封魔録　～ 浄土曼荼羅	ZUN			1
010202	0102	2	博麗　～ Eastern Wind	ZUN			1
010203	0102	3	She's in a temper!!	ZUN			1
010204	0102	4	End of Daylight	ZUN			1
010205	0102	5	やみのちから	ZUN			1
010206	0102	6	幻夢界	ZUN			1
010207	0102	7	死を賭して	ZUN			1
010208	0102	8	ひもろぎ、むらさきにもえ	ZUN			1
010209	0102	9	恋色マジック	ZUN			1
010210	0102	10	東方封魔録　～ 幽幻乱舞	ZUN			1
010211	0102	11	Complete Darkness	ZUN			1
010212	0102	12	エキストララブ	ZUN			1
010213	0102	13	戦車むすめのみるゆめ	ZUN			1
010214	0102	14	遠野の森	ZUN			1
010215	0102	15	昔話わんだーらんど	ZUN			1
010216	0102	16	博麗神社境内	ZUN			1
010217	0102	17	陽落ちて	ZUN			1
010218	0102	18	封魔終演	ZUN			1
010301	0103	1	夢は時空を越えて	ZUN			1
010302	0103	2	Selection	ZUN			1
010303	0103	3	東方妖恋談	ZUN			1
010304	0103	4	Reincarnation	ZUN			1
010305	0103	5	Dim. Dream	ZUN			1
010306	0103	6	Tabula rasa　～ 空白少女	ZUN			1
010307	0103	7	Maniacal Princess	ZUN			1
010308	0103	8	夢消失　～ Lost Dream	ZUN			1
010309	0103	9	夢幻遊戯　～ Dream War	ZUN			1
010310	0103	10	魔法決戦！　～ Fight it out!	ZUN			1
010311	0103	11	Sailor of Time	ZUN			1
010312	0103	12	Strawberry Crisis!!	ZUN			1
010313	0103	13	非統一魔法世界論	ZUN			1
010314	0103	14	魔法鐘愛	ZUN			1
010315	0103	15	久遠の夢	ZUN			1
010316	0103	16	東方の青い空	ZUN			1
010317	0103	17	永遠の満月	ZUN			1
010318	0103	18	Maple Dream...	ZUN			1
010319	0103	19	霊人の休日	ZUN			1
010320	0103	20	勝利デモ	ZUN			1
010321	0103	21	ゲームオーバー	ZUN			1
010322	0103	22	時の風	ZUN			1
010323	0103	23	スターボウドリーム	ZUN			1
010324	0103	24	Phantasmagoria	ZUN			1
010401	0104	1	幻想郷　～ Lotus Land Story	ZUN			1
010402	0104	2	Witching Dream	ZUN			1
010403	0104	3	Selene's light	ZUN			1
010404	0104	4	装飾戦　～ Decoration Battle	ZUN			1
010405	0104	5	Break the Sabbath	ZUN			1
010406	0104	6	紅響曲　～ Scarlet Phoneme	ZUN			1
010407	0104	7	Bad Apple!!	ZUN			1
010408	0104	8	霊戦　～ Perdition crisis	ZUN			1
010409	0104	9	アリスマエステラ	ZUN			1
010410	0104	10	少女綺想曲　～ Capriccio	ZUN			1
010411	0104	11	星の器　～ Casket of Star	ZUN			1
010412	0104	12	Lotus Love	ZUN			1
010413	0104	13	眠れる恐怖　～ Sleeping Terror	ZUN			1
010414	0104	14	Dream Land	ZUN			1
010415	0104	15	幽夢　～ Inanimate Dream	ZUN			1
010416	0104	16	禁じざるをえない遊戯	ZUN			1
010417	0104	17	メイド幻想　～ Icemilk Magic	ZUN			1
010418	0104	18	かわいい悪魔　～ Innocence	ZUN			1
010419	0104	19	Days	ZUN			1
010420	0104	20	Peaceful	ZUN			1
010421	0104	21	Arcadian Dream	ZUN			1
010422	0104	22	幻想の住人	ZUN			1
010423	0104	23	Lotus Road	ZUN			1
010424	0104	24	Dreamy pilot	ZUN			1
010425	0104	25	Incomplete Plot	ZUN			1
010426	0104	26	Border Land	ZUN			1
010427	0104	27	Magic Shop of Raspberry	ZUN			1
010428	0104	28	Crescent Dream	ZUN			1
010501	0105	1	怪綺談　～ Mystic Square	ZUN			1
010502	0105	2	Dream Express	ZUN			1
010503	0105	3	魔法陣　～ Magic Square	ZUN			1
010504	0105	4	夢想時空	ZUN			1
010505	0105	5	霊天　～ Spiritual Heaven	ZUN			1
010506	0105	6	Romantic Children	ZUN			1
010507	0105	7	プラスチックマインド	ZUN			1
010508	0105	8	メイプルワイズ	ZUN			1
010509	0105	9	禁断の魔法　～ Forbidden Magic	ZUN			1
010510	0105	10	真紅の少女　～ Crimson Dead!!	ZUN			1
010511	0105	11	裏切りの少女　～ Judas Kiss	ZUN			1
010512	0105	12	the Last Judgement	ZUN			1
010513	0105	13	悲しき人形　～ Doll of Misery	ZUN			1
010514	0105	14	世界の果て　～ World's End	ZUN			1
010515	0105	15	神話幻想　～ Infinite Being	ZUN			1
010516	0105	16	不思議の国のアリス	ZUN			1
010517	0105	17	the Grimoire of Alice	ZUN			1
010518	0105	18	神社	ZUN			1
010519	0105	19	Endless	ZUN			1
010520	0105	20	久遠の楽園	ZUN			1
010521	0105	21	Mystic Dream	ZUN			1
010522	0105	22	Peaceful Romancer	ZUN			1
010523	0105	23	魂の休らむ所	ZUN			1
020101	0201	1	赤より紅い夢	ZUN			1
020102	0201	2	ほおずきみたいに紅い魂	ZUN			1
020103	0201	3	妖魔夜行	ZUN			1
020104	0201	4	ルーネイトエルフ	ZUN			1
020105	0201	5	おてんば恋娘	ZUN			1
020106	0201	6	上海紅茶館　～ Chinese Tea	ZUN			1
020107	0201	7	明治十七年の上海アリス	ZUN			1
020108	0201	8	ヴワル魔法図書館	ZUN			1
020109	0201	9	ラクトガール　～ 少女密室	ZUN			1
020110	0201	10	メイドと血の懐中時計	ZUN			1
020111	0201	11	月時計　～ ルナ・ダイアル	ZUN			1
020112	0201	12	ツェペシュの幼き末裔	ZUN			1
020113	0201	13	亡き王女の為のセプテット	ZUN			1
020114	0201	14	魔法少女達の百年祭	ZUN			1
020115	0201	15	U.N.オーエンは彼女なのか？	ZUN			1
020116	0201	16	紅より儚い永遠	ZUN			1
020117	0201	17	紅楼　～ Eastern Dream...	ZUN			1
020201	0202	1	妖々夢　～ Snow or Cherry Petal	ZUN			1
020202	0202	2	無何有の郷　～ Deep Mountain	ZUN			1
020203	0202	3	クリスタライズシルバー	ZUN			1
020204	0202	4	遠野幻想物語	ZUN			1
020205	0202	5	ティアオイエツォン(withered leaf)	ZUN			1
020206	0202	6	ブクレシュティの人形師	ZUN			1
020207	0202	7	人形裁判　～ 人の形弄びし少女	ZUN			1
020208	0202	8	天空の花の都	ZUN			1
020209	0202	9	幽霊楽団　～ Phantom Ensemble	ZUN			1
020210	0202	10	東方妖々夢　～ Ancient Temple	ZUN			1
020211	0202	11	広有射怪鳥事　～ Till When?	ZUN			1
020212	0202	12	アルティメットトゥルース	ZUN			1
020213	0202	13	幽雅に咲かせ、墨染の桜　～ Border of Life	ZUN			1
020214	0202	14	ボーダーオブライフ	ZUN			1
020215	0202	15	妖々跋扈	ZUN			1
020216	0202	16	少女幻葬　～ Necro-Fantasy	ZUN			1
020217	0202	17	妖々跋扈　～ Who done it!	ZUN			1
020218	0202	18	ネクロファンタジア	ZUN			1
020219	0202	19	春風の夢	ZUN			1
020220	0202	20	さくらさくら　～ Japanize Dream...	ZUN			1
020221	0202	21	過去の花　～ Fairy of Flower	ZUN			1
020301	0203	1	萃夢想	U2			1
020302	0203	2	東方妖恋談	ZUN	NKZ	010303	0
020303	0203	3	少女綺想曲　～ Capriccio	ZUN	U2	010410	0
020304	0203	4	恋色マジック	ZUN	NKZ	010209	0
020305	0203	5	魔女達の舞踏会　～ Magus	ZUN	U2		1
020306	0203	6	メイドと血の懐中時計	ZUN	NKZ	020110	0
020307	0203	7	月時計　～ ルナ・ダイアル	ZUN	U2	020111	0
020308	0203	8	ブクレシュティの人形師	ZUN	NKZ	020206	0
020309	0203	9	人形裁判	ZUN	U2	020207	0
020310	0203	10	ラクトガール　～ 少女密室	ZUN	NKZ	020109	0
020311	0203	11	ヴワル魔法図書館	ZUN	U2	020108	0
020312	0203	12	広有射怪鳥事　～ Till When？	ZUN	NKZ	020211	0
020313	0203	13	東方妖々夢　～ Ancient Temple	ZUN	U2	020210	0
020314	0203	14	亡き王女の為のセプテット	ZUN	NKZ	020113	0
020315	0203	15	幽雅に咲かせ、墨染の桜　～ Border of Life	ZUN	NKZ	020213	0
020316	0203	16	Demystify Feast	ZUN			1
020317	0203	17	夜が降りてくる　～ Evening Star	ZUN			1
020318	0203	18	御伽の国の鬼が島　～ Missing Power	ZUN			1
020319	0203	19	夏明き	NKZ			1
020320	0203	20	東方萃夢想	U2			1
020321	0203	21	魔所	NKZ			1
020322	0203	22	月輪	NKZ			1
020323	0203	23	遍参	NKZ			1
020324	0203	24	裏心	NKZ			1
020325	0203	25	Intermezzo	NKZ			1
020326	0203	26	あゆのかぜ	NKZ			1
020327	0203	27	森閑	U2			1
020328	0203	28	仰空	U2			1
020329	0203	29	幽境	U2			1
020330	0203	30	珍客	U2			1
020331	0203	31	紅夜	U2			1
020332	0203	32	戦迅	U2			1
020333	0203	33	禍機	U2			1
020334	0203	34	砕月	U2			1
020401	0204	1	永夜抄　～ Eastern Night.	ZUN			1
020402	0204	2	幻視の夜　～ Ghostly Eyes	ZUN			1
020403	0204	3	蠢々秋月　～ Mooned Insect	ZUN			1
020404	0204	4	夜雀の歌声　～ Night Bird	ZUN			1
020405	0204	5	もう歌しか聞こえない	ZUN			1
020406	0204	6	懐かしき東方の血　～ Old World	ZUN			1
020407	0204	7	プレインエイジア	ZUN			1
020408	0204	8	永夜の報い　～ Imperishable Night.	ZUN			1
020409	0204	9	少女綺想曲　～ Dream Battle	ZUN			1
020410	0204	10	恋色マスタースパーク	ZUN			1
020411	0204	11	シンデレラケージ　～ Kagome-Kagome	ZUN			1
020412	0204	12	狂気の瞳　～ Invisible Full Moon	ZUN			1
020413	0204	13	ヴォヤージュ1969	ZUN			1
020414	0204	14	千年幻想郷　～ History of the Moon	ZUN			1
020415	0204	15	竹取飛翔　～ Lunatic Princess	ZUN			1
020416	0204	16	ヴォヤージュ1970	ZUN			1
020417	0204	17	エクステンドアッシュ　～ 蓬莱人	ZUN			1
020418	0204	18	月まで届け、不死の煙	ZUN			1
020419	0204	19	月見草	ZUN			1
020420	0204	20	Eternal Dream　～ 幽玄の槭樹	ZUN			1
020421	0204	21	東方妖怪小町	ZUN			1
020501	0205	1	花映塚　～ Higan Retour	ZUN			1
020502	0205	2	春色小径　～ Colorful Path	ZUN			1
020503	0205	3	オリエンタルダークフライト	ZUN			1
020504	0205	4	フラワリングナイト	ZUN			1
020505	0205	5	東方妖々夢　～ Ancient Temple	ZUN		020210	0
020506	0205	6	狂気の瞳　～ Invisible Full Moon	ZUN		020412	0
020507	0205	7	おてんば恋娘の冒険	ZUN			1
020508	0205	8	幽霊楽団　～ Phantom Ensemble	ZUN		020209	0
020509	0205	9	もう歌しか聞こえない　～ Flower Mix	ZUN			1
020510	0205	10	お宇佐さまの素い幡	ZUN			1
020511	0205	11	風神少女　 (Short Version)	ZUN			1
020512	0205	12	ポイズンボディ　～ Forsaken Doll	ZUN			1
020513	0205	13	今昔幻想郷　～ Flower Land	ZUN			1
020514	0205	14	彼岸帰航　～ Riverside View	ZUN			1
020515	0205	15	六十年目の東方裁判　～ Fate of Sixty Years	ZUN			1
020516	0205	16	花の映る塚	ZUN			1
020517	0205	17	此岸の塚	ZUN			1
020518	0205	18	花は幻想のままに	ZUN			1
020519	0205	19	魂の花　～ Another Dream...	ZUN			1
020601	0206	1	天狗の手帖　～ Mysterious Note	ZUN			1
020602	0206	2	風の循環　～ Wind Tour	ZUN			1
020603	0206	3	天狗が見ている　～ Black Eyes	ZUN			1
020604	0206	4	東の国の眠らない夜	ZUN			1
020605	0206	5	レトロスペクティブ京都	ZUN			1
020606	0206	6	風神少女	ZUN			1
020701	0207	1	封印されし神々	ZUN			1
020702	0207	2	人恋し神様　～ Romantic Fall	ZUN			1
020703	0207	3	稲田姫様に叱られるから	ZUN			1
020704	0207	4	厄神様の通り道　～ Dark Road	ZUN			1
020705	0207	5	運命のダークサイド	ZUN			1
020706	0207	6	神々が恋した幻想郷	ZUN			1
020707	0207	7	芥川龍之介の河童　～ Candid Friend	ZUN			1
020708	0207	8	フォールオブフォール　～ 秋めく滝	ZUN			1
020709	0207	9	妖怪の山　～ Mysterious Mountain	ZUN			1
020710	0207	10	少女が見た日本の原風景	ZUN			1
020711	0207	11	信仰は儚き人間の為に	ZUN			1
020712	0207	12	御柱の墓場　～ Grave of Being	ZUN			1
020713	0207	13	神さびた古戦場　～ Suwa Foughten Field	ZUN			1
020714	0207	14	明日ハレの日、ケの昨日	ZUN			1
020715	0207	15	ネイティブフェイス	ZUN			1
020716	0207	16	麓の神社	ZUN			1
020717	0207	17	神は恵みの雨を降らす　～ Sylphid Dream	ZUN			1
020718	0207	18	プレイヤーズスコア	ZUN			1
020801	0208	1	緋想天	あきやまうに			1
020802	0208	2	日常坐臥	あきやまうに			1
020803	0208	3	地の色は黄色	あきやまうに			1
020804	0208	4	甲論乙駁	あきやまうに			1
020805	0208	5	風光明媚	あきやまうに			1
020806	0208	6	香る樹葉花	あきやまうに			1
020807	0208	7	踊る水飛沫	あきやまうに			1
020808	0208	8	以魚駆蠅	あきやまうに			1
020809	0208	9	放縦不羈	あきやまうに			1
020810	0208	10	嘲りの遊戯	あきやまうに			1
020811	0208	11	冷吟閑酔	あきやまうに			1
020812	0208	12	雲外蒼天	あきやまうに			1
020813	0208	13	黒い海に紅く　～ Legendary Fish	ZUN			1
020814	0208	14	天衣無縫	あきやまうに			1
020815	0208	15	有頂天変　～ Wonderful Heaven	ZUN			1
020816	0208	16	幼心地の有頂天	ZUN			1
020817	0208	17	暮色蒼然	あきやまうに			1
020818	0208	18	東方緋想天	あきやまうに			1
020819	0208	19	東方妖恋談	ZUN	あきやまうに	010303	0
020820	0208	20	星の器　～ Casket of Star	ZUN	あきやまうに	010411	0
020821	0208	21	フラワリングナイト	ZUN	あきやまうに	020504	0
020822	0208	22	ブクレシュティの人形師	ZUN	あきやまうに	020206	0
020823	0208	23	広有射怪鳥事 ～ Till When？	ZUN	あきやまうに	020211	0
020824	0208	24	ラクトガール　～ 少女密室	ZUN	あきやまうに	020109	0
020825	0208	25	幽雅に咲かせ、墨染の桜　～ Border of Life	ZUN	あきやまうに	020213	0
020826	0208	26	亡き王女の為のセプテット	ZUN	あきやまうに	020113	0
020827	0208	27	夜が降りてくる	ZUN	あきやまうに		1
020828	0208	28	砕月	U2		020334	0
020829	0208	29	狂気の瞳　～ Invisible Full Moon	ZUN	あきやまうに	020412	0
020830	0208	30	風神少女	ZUN	あきやまうに	020606	0
020831	0208	31	彼岸帰航　～ Riverside View	ZUN	あきやまうに	020514	0
020901	0209	1	地霊達の起床	ZUN			1
020902	0209	2	暗闇の風穴	ZUN			1
020903	0209	3	封じられた妖怪　～ Lost Place	ZUN			1
020904	0209	4	渡る者の途絶えた橋	ZUN			1
020905	0209	5	緑眼のジェラシー	ZUN			1
020906	0209	6	旧地獄街道を行く	ZUN			1
020907	0209	7	華のさかづき大江山	ZUN			1
020908	0209	8	ハートフェルトファンシー	ZUN			1
020909	0209	9	少女さとり　～ 3rd eye	ZUN			1
020910	0209	10	廃獄ララバイ	ZUN			1
020911	0209	11	死体旅行　～ Be of good cheer!	ZUN			1
020912	0209	12	業火マントル	ZUN			1
020913	0209	13	霊知の太陽信仰　～ Nuclear Fusion	ZUN			1
020914	0209	14	ラストリモート	ZUN			1
020915	0209	15	ハルトマンの妖怪少女	ZUN			1
020916	0209	16	地霊達の帰宅	ZUN			1
020917	0209	17	エネルギー黎明　～ Future Dream...	ZUN			1
020918	0209	18	プレイヤーズスコア	ZUN		020718	0
021001	0210	1	青空の影	ZUN			1
021002	0210	2	春の湊に	ZUN			1
021003	0210	3	小さな小さな賢将	ZUN			1
021004	0210	4	閉ざせし雲の通い路	ZUN			1
021005	0210	5	万年置き傘にご注意を	ZUN			1
021006	0210	6	スカイルーイン	ZUN			1
021007	0210	7	時代親父とハイカラ少女	ZUN			1
021008	0210	8	幽霊客船の時空を越えた旅	ZUN			1
021009	0210	9	キャプテン・ムラサ	ZUN			1
021010	0210	10	魔界地方都市エソテリア	ZUN			1
021011	0210	11	虎柄の毘沙門天	ZUN			1
021012	0210	12	法界の火	ZUN			1
021013	0210	13	感情の摩天楼　～ Cosmic Mind	ZUN			1
021014	0210	14	夜空のユーフォーロマンス	ZUN			1
021015	0210	15	平安のエイリアン	ZUN			1
021016	0210	16	妖怪寺	ZUN			1
021017	0210	17	空の帰り道　～ Sky Dream	ZUN			1
021018	0210	18	プレイヤーズスコア	ZUN		020718	0
021101	0211	1	君はあの影を見たか	あきやまうに			1
021102	0211	2	萃夢想	あきやまうに		020301	0
021103	0211	3	伝説の巨神	あきやまうに			1
021104	0211	4	ぼくらの非想天則	あきやまうに			1
021105	0211	5	人形のある風景	あきやまうに			1
021106	0211	6	悠久の蒸気機関	あきやまうに			1
021107	0211	7	信仰は儚き人間の為に	ZUN	あきやまうに	020711	0
021108	0211	8	おてんば恋娘	ZUN	あきやまうに	020105	0
021109	0211	9	上海紅茶館　～ Chinese Tea	ZUN	あきやまうに	020106	0
021110	0211	10	霊知の太陽信仰　～ Nuclear Fusion	ZUN	あきやまうに	020913	0
021111	0211	11	明日ハレの日、ケの昨日	ZUN	あきやまうに	020714	0
021112	0211	12	アンノウンＸ　～ Unfound Adventure	ZUN			1
021113	0211	13	空に浮かぶ物体Ｘ	ZUN			1
021114	0211	14	二色蓮花蝶　～ Ancients	ZUN	あきやまうに	060218	0
021115	0211	15	恋色マジック	ZUN	あきやまうに	010209	0
021116	0211	16	the Grimoire of Alice	ZUN	あきやまうに	010517	0
021117	0211	17	ヴワル魔法図書館	ZUN	あきやまうに	020108	0
021118	0211	18	東方妖恋談	ZUN	あきやまうに	010303	0
021201	0212	1	ニュースハウンド	ZUN			1
021202	0212	2	あなたの町の怪事件	ZUN			1
021203	0212	3	妖怪モダンコロニー	ZUN			1
021204	0212	4	ネメシスの要塞	ZUN			1
021205	0212	5	無間の鐘　～ Infinite Nightmare	ZUN			1
021206	0212	6	妖怪の山　～ Mysterious Mountain	ZUN		020709	0
021207	0212	7	曲名不明	ZUN			1
021301	0213	1	春の氷精	ZUN			1
021302	0213	2	可愛い大戦争のリフレーン	ZUN			1
021303	0213	3	いたずらに命をかけて	ZUN			1
021304	0213	4	年中夢中の好奇心	ZUN			1
021305	0213	5	真夜中のフェアリーダンス	ZUN			1
021306	0213	6	妖精大戦争　～ Fairy Wars	ZUN			1
021307	0213	7	ルーズレイン	ZUN			1
021308	0213	8	メイガスナイト	ZUN			1
021309	0213	9	春の氷精　- 静 -	ZUN			1
021310	0213	10	プレイヤーズスコア	ZUN		020718	0
021401	0214	1	欲深き霊魂	ZUN			1
021402	0214	2	死霊の夜桜	ZUN			1
021403	0214	3	ゴーストリード	ZUN			1
021404	0214	4	妖怪寺へようこそ	ZUN			1
021405	0214	5	門前の妖怪小娘	ZUN			1
021406	0214	6	素敵な墓場で暮しましょ	ZUN			1
021407	0214	7	リジッドパラダイス	ZUN			1
021408	0214	8	デザイアドライブ	ZUN			1
021409	0214	9	古きユアンシェン	ZUN			1
021410	0214	10	夢殿大祀廟	ZUN			1
021411	0214	11	大神神話伝	ZUN			1
021412	0214	12	小さな欲望の星空	ZUN			1
021413	0214	13	聖徳伝説　～ True Administrator	ZUN			1
021414	0214	14	妖怪裏参道	ZUN			1
021415	0214	15	佐渡の二ッ岩	ZUN			1
021416	0214	16	神社の新しい風	ZUN			1
021417	0214	17	デザイアドリーム	ZUN			1
021418	0214	18	プレイヤーズスコア	ZUN		020718	0
021501	0215	1	塵界不変のペシミズム～心綺楼囃子	あきやまうに			1
021502	0215	2	人気のある場所	あきやまうに			1
021503	0215	3	春色小径　～ Colorful Path	ZUN	あきやまうに	020502	0
021504	0215	4	メイガスナイト	ZUN	あきやまうに	021308	0
021505	0215	5	時代親父とハイカラ少女	ZUN	あきやまうに	021007	0
021506	0215	6	感情の摩天楼　～ Cosmic Mind	ZUN	あきやまうに	021013	0
021507	0215	7	大神神話伝	ZUN	あきやまうに	021411	0
021508	0215	8	聖徳伝説　～ True Administrator	ZUN	あきやまうに	021413	0
021509	0215	9	芥川龍之介の河童 ～ Candid Friend	ZUN	あきやまうに	020707	0
021510	0215	10	ハルトマンの妖怪少女	ZUN	あきやまうに	020915	0
021511	0215	11	人気のない場所	あきやまうに			1
021512	0215	12	佐渡の二ッ岩	ZUN	あきやまうに	021415	0
021513	0215	13	本日の一面記事	あきやまうに			1
021514	0215	14	幻想郷の二ッ岩	ZUN			1
021515	0215	15	丑三つ時の里	あきやまうに			1
021516	0215	16	亡失のエモーション	ZUN			1
021517	0215	17	暁雲	あきやまうに			1
021518	0215	18	官板黄昏新聞 (Short Version)	あきやまうに			1
021519	0215	19	心綺楼囃子 (Short Version)	あきやまうに			1
021520	0215	20	心綺楼囃子	あきやまうに			1
021521	0215	21	演者選択	あきやまうに			1
021522	0215	22	使われなかった場所	あきやまうに			1
021523	0215	23	人気爆発／博麗霊夢	ZUN	あきやまうに		1
021524	0215	24	人気爆発／霧雨魔理沙	ZUN	あきやまうに		1
021525	0215	25	人気爆発／雲居一輪＆雲山	ZUN	あきやまうに		1
021526	0215	26	人気爆発／聖白蓮	ZUN	あきやまうに		1
021527	0215	27	人気爆発／物部布都	ZUN	あきやまうに		1
021528	0215	28	人気爆発／豊聡耳神子	ZUN	あきやまうに		1
021529	0215	29	人気爆発／河城にとり	ZUN	あきやまうに		1
021530	0215	30	人気爆発／古明地こいし	ZUN	あきやまうに		1
021531	0215	31	人気爆発／二ッ岩マミゾウ	ZUN	あきやまうに		1
021532	0215	32	人気爆発／秦こころ	ZUN	あきやまうに		1
021533	0215	33	ラストワード発動	あきやまうに			1
021534	0215	34	官板黄昏新聞	あきやまうに			1
021601	0216	1	不思議なお祓い棒	ZUN			1
021602	0216	2	ミストレイク	ZUN			1
021603	0216	3	秘境のマーメイド	ZUN			1
021604	0216	4	運河を行き交う人妖	ZUN			1
021605	0216	5	柳の下のデュラハン	ZUN			1
021606	0216	6	満月の竹林	ZUN			1
021607	0216	7	孤独なウェアウルフ	ZUN			1
021608	0216	8	マジカルストーム	ZUN			1
021609	0216	9	幻想浄瑠璃	ZUN			1
021610	0216	10	空中に沈む輝針城	ZUN			1
021611	0216	11	リバースイデオロギー	ZUN			1
021612	0216	12	針小棒大の天守閣	ZUN			1
021613	0216	13	輝く針の小人族　～ Little Princess	ZUN			1
021614	0216	14	魔力の雷雲	ZUN			1
021615	0216	15	始原のビート　～ Pristine Beat	ZUN			1
021616	0216	16	小槌の魔力	ZUN			1
021617	0216	17	不思議な不思議な道具達	ZUN			1
021618	0216	18	プレイヤーズスコア	ZUN		020718	0
021701	0217	1	反則の狼煙を上げろ	ZUN			1
021702	0217	2	不可能弾幕には反則を	ZUN			1
021703	0217	3	ミッドナイトスペルカード	ZUN			1
021704	0217	4	ロマンチック逃飛行	ZUN			1
021705	0217	5	永遠の三日天下	ZUN			1
021706	0217	6	秘境のマーメイド	ZUN		021603	0
021707	0217	7	リバースイデオロギー	ZUN		021611	0
021708	0217	8	幻想浄瑠璃	ZUN		021609	0
021709	0217	9	妖怪の山　～ Mysterious Mountain	ZUN		020709	0
021710	0217	10	プレイヤーズスコア	ZUN		020718	0
021801	0218	1	二色蓮花蝶 ～ Red and White	ZUN	コンプ	030102	0
021802	0218	2	恋色マスタースパーク	ZUN	oiko	020410	0
021803	0218	3	時代親父とハイカラ少女	ZUN	しゃばだば	021007	0
021804	0218	4	感情の摩天楼　～ Cosmic Mind	ZUN	NYO	021013	0
021805	0218	5	大神神話伝	ZUN	鯛の小骨	021411	0
021806	0218	6	聖徳伝説　～ True Administrator	ZUN	鷹	021413	0
021807	0218	7	芥川龍之介の河童　～ Candid Friend	ZUN	ゆうゆ	020707	0
021808	0218	8	ハルトマンの妖怪少女	ZUN	岸田	020915	0
021809	0218	9	幻想郷の二ッ岩	ZUN	秀三	021514	0
021810	0218	10	亡失のエモーション	ZUN	どぶウサギ	021516	0
021811	0218	11	月まで届け、不死の煙	ZUN	ziki_7	020418	0
021812	0218	12	輝く針の小人族　～ Little Princess	ZUN	あきやまうに	021613	0
021813	0218	13	心揺さぶる都市伝説	あきやまうに			1
021814	0218	14	幻想郷ふしぎ発見	あきやまうに			1
021815	0218	15	ボールのある日常	あきやまうに			1
021816	0218	16	顕現した伝承の形	あきやまうに			1
021817	0218	17	時代の風の訪れ	あきやまうに			1
021818	0218	18	価値がわからない	あきやまうに			1
021819	0218	19	可能性を信じて	あきやまうに			1
021820	0218	20	真実を知る者	あきやまうに			1
021821	0218	21	外界フォークロア	あきやまうに			1
021822	0218	22	各々の結末	あきやまうに			1
021823	0218	23	明かされる深秘	あきやまうに			1
021824	0218	24	オカルトアラカルト	あきやまうに			1
021825	0218	25	七玉蒐集ショウダウン	あきやまうに			1
021826	0218	26	公正なる奪い合い	あきやまうに			1
021827	0218	27	対蹠地の鐘	あきやまうに			1
021828	0218	28	竹林インフレイム	あきやまうに			1
021829	0218	29	華狭間のバトルフィールド	ZUN			1
021830	0218	30	ラストオカルティズム　～ 現し世の秘術師	ZUN			1
021901	0219	1	宇宙巫女現る	ZUN			1
021902	0219	2	忘れがたき、よすがの緑	ZUN			1
021903	0219	3	兎は舞い降りた	ZUN			1
021904	0219	4	湖は浄めの月光を映して	ZUN			1
021905	0219	5	九月のパンプキン	ZUN			1
021906	0219	6	宇宙を飛ぶ不思議な巫女	ZUN			1
021907	0219	7	永遠の春夢	ZUN			1
021908	0219	8	凍り付いた永遠の都	ZUN			1
021909	0219	9	逆転するホイールオブフォーチュン	ZUN			1
021910	0219	10	遥か３８万キロのボヤージュ	ZUN			1
021911	0219	11	星条旗のピエロ	ZUN			1
021912	0219	12	故郷の星が映る海	ZUN			1
021913	0219	13	ピュアヒューリーズ　～ 心の在処	ZUN			1
021914	0219	14	見た事も無い悪夢の世界	ZUN			1
021915	0219	15	パンデモニックプラネット	ZUN			1
021916	0219	16	神社から見える月	ZUN			1
021917	0219	17	宇宙巫女帰還する	ZUN			1
021918	0219	18	プレイヤーズスコア	ZUN		020718	0
022001	0220	1	異変の種子	あきやまうに			1
022002	0220	2	憑依投合	あきやまうに			1
022003	0220	3	連帯責人	あきやまうに			1
022004	0220	4	合縁奇縁	あきやまうに			1
022005	0220	5	異心同体	あきやまうに			1
022006	0220	6	壮言大語	あきやまうに			1
022007	0220	7	知略縦横	あきやまうに			1
022008	0220	8	意気揚々	あきやまうに			1
022009	0220	9	開演間近	あきやまうに			1
022010	0220	10	天衣無縫　～ Yellow Lily	あきやまうに			1
022011	0220	11	地の色は黄色　～ Primrose	あきやまうに			1
022012	0220	12	マッシュルーム・ワルツ	あきやまうに			1
022013	0220	13	聖輦船空を往く	あきやまうに			1
022014	0220	14	法力の下の平等	あきやまうに			1
022015	0220	15	恒常不変の参廟祀	あきやまうに			1
022016	0220	16	光輝く天球儀	あきやまうに			1
022017	0220	17	沢の河童の技術力	あきやまうに			1
022018	0220	18	地底に咲く薔薇	あきやまうに			1
022019	0220	19	深緑の狸森にて	あきやまうに			1
022020	0220	20	心綺楼演舞	あきやまうに			1
022021	0220	21	不滅のレッドソウル	あきやまうに			1
022022	0220	22	落日に映える逆さ城	あきやまうに			1
022023	0220	23	千の試練を超えて	あきやまうに			1
022024	0220	24	夢世界フォークロア	あきやまうに			1
022025	0220	25	永遠に続く回廊	あきやまうに			1
022026	0220	26	スリープシープ・パレード	あきやまうに			1
022027	0220	27	至る有頂天	あきやまうに			1
022028	0220	28	オカルトアトラクト	あきやまうに		061004	0
022029	0220	29	ネオ竹林インフレイム	あきやまうに		061002	0
022030	0220	30	億万劫の鐘	あきやまうに		061003	0
022031	0220	31	二色蓮花蝶　～ Red and White	ZUN	コンプ	030102	0
022032	0220	32	恋色マスタースパーク	ZUN	oiko	020410	0
022033	0220	33	時代親父とハイカラ少女	ZUN	しゃばだば	021007	0
022034	0220	34	感情の摩天楼　～ Cosmic Mind	ZUN	NYO	021013	0
022035	0220	35	大神神話伝	ZUN	鯛の小骨	021411	0
022036	0220	36	聖徳伝説　～ True Administrator	ZUN	鷹	021413	0
022037	0220	37	芥川龍之介の河童 ～ Candid Friend	ZUN	ゆうゆ	020707	0
022038	0220	38	ハルトマンの妖怪少女	ZUN	岸田	020915	0
022039	0220	39	幻想郷の二ッ岩	ZUN	秀三	021514	0
022040	0220	40	亡失のエモーション	ZUN	どぶウサギ	021516	0
022041	0220	41	月まで届け、不死の煙	ZUN	ziki_7	020418	0
022042	0220	42	輝く針の小人族　～ Little Princess	ZUN	ぴずや	021613	0
022043	0220	43	華狭間のバトルフィールド	ZUN	Kou Ogata	021829	0
022044	0220	44	ラストオカルティズム　～ 現し世の秘術師	ZUN	ARM	021830	0
022045	0220	45	狂気の瞳　～ Invisible Full Moon	ZUN	ビートまりお	020412	0
022046	0220	46	永遠の春夢	ZUN	狐夢想	021907	0
022047	0220	47	有頂天変　～ Wonderful Heaven	ZUN	紅い流星	020815	0
022048	0220	48	夜が降りてくる　～ Evening Star	ZUN	ELEMENTAS	020317	0
022049	0220	49	アンノウンＸ　～ Occultly Madness	ZUN		061006	0
022050	0220	50	憑坐は夢と現の間に　～ Necro-Fantasia	ZUN			1
022051	0220	51	今宵は飄逸なエゴイスト(Live ver)　～ Egoistic Flowers.	ZUN			1
022052	0220	52	行雲流水	あきやまうに			1
022053	0220	53	疑惑の芽生え	あきやまうに			1
022054	0220	54	未だ蕾む憑依華	あきやまうに			1
022055	0220	55	真相へ繋がる枝葉	あきやまうに			1
022056	0220	56	咲き誇る憑依華	あきやまうに			1
022057	0220	57	舞い散る憑依華吹雪	あきやまうに			1
022058	0220	58	悠久の蒸気機関	あきやまうに	Kou Ogata	021106	0
022101	0221	1	桜舞い散る天空	ZUN			1
022102	0221	2	希望の星は青霄に昇る	ZUN			1
022103	0221	3	真夏の妖精の夢	ZUN			1
022104	0221	4	色無き風は妖怪の山に	ZUN			1
022105	0221	5	山奥のエンカウンター	ZUN			1
022106	0221	6	桜色の海を泳いで	ZUN			1
022107	0221	7	一対の神獣	ZUN			1
022108	0221	8	幻想のホワイトトラベラー	ZUN			1
022109	0221	9	魔法の笠地蔵	ZUN			1
022110	0221	10	禁断の扉の向こうは、この世かあの世か	ZUN			1
022111	0221	11	クレイジーバックダンサーズ	ZUN			1
022112	0221	12	イントゥ・バックドア	ZUN			1
022113	0221	13	秘匿されたフォーシーズンズ	ZUN			1
022114	0221	14	もうドアには入れない	ZUN			1
022115	0221	15	秘神マターラ　～ Hidden Star in All Seasons.	ZUN			1
022116	0221	16	不自然な自然	ZUN			1
022117	0221	17	白い旅人	ZUN			1
022118	0221	18	プレイヤーズスコア	ZUN		020718	0
022201	0222	1	悪夢日記	ZUN			1
022202	0222	2	ルーシッドドリーマー	ZUN			1
022203	0222	3	ルナティックドリーマー	ZUN			1
022204	0222	4	ナイトメアダイアリー	ZUN			1
022205	0222	5	バー・オールドアダム	ZUN		031001	0
022206	0222	6	燕石博物誌が連れてきた闇	ZUN		031002	0
022207	0222	7	永遠の春夢	ZUN		021907	0
022208	0222	8	秘匿されたフォーシーズンズ	ZUN		022113	0
022301	0223	1	物言わぬ獣の霊	ZUN			1
022302	0223	2	地蔵だけが知る哀嘆	ZUN			1
022303	0223	3	ジェリーストーン	ZUN			1
022304	0223	4	ロストリバー	ZUN			1
022305	0223	5	石の赤子と水中の牛	ZUN			1
022306	0223	6	不朽の曼珠沙華	ZUN			1
022307	0223	7	セラフィックチキン	ZUN			1
022308	0223	8	アンロケイテッドヘル	ZUN			1
022309	0223	9	トータスドラゴン　～ 幸運と不運	ZUN			1
022310	0223	10	ビーストメトロポリス	ZUN			1
022311	0223	11	セラミックスの杖刀人	ZUN			1
022312	0223	12	エレクトリックヘリテージ	ZUN			1
022313	0223	13	偶像に世界を委ねて　～ Idoratrize World	ZUN			1
022314	0223	14	輝かしき弱肉強食の掟	ZUN			1
022315	0223	15	聖徳太子のペガサス　～ Dark Pegasus	ZUN			1
022316	0223	16	畜生達の休息	ZUN			1
022317	0223	17	地下からの帰還	ZUN			1
022318	0223	18	プレイヤーズスコア	ZUN		020718	0
022401	0224	1	水没した沈愁地獄	ziki_7			1
022402	0224	2	東方剛欲異聞	ziki_7			1
022403	0224	3	天理人欲	ziki_7			1
022404	0224	4	魔法使いの憂鬱	ZUN	ziki_7	050701	0
022405	0224	5	暗闇の風穴	ZUN	ziki_7	020902	0
022406	0224	6	旧地獄街道を行く	ZUN	ziki_7	020906	0
022407	0224	7	業火マントル	ZUN	ziki_7	020912	0
022408	0224	8	御柱の墓場	ZUN	ziki_7	020712	0
022409	0224	9	大地の底、剛欲の海	ziki_7			1
022410	0224	10	不朽の曼殊沙華	ZUN	ziki_7	022306	0
022411	0224	11	魔法少女達の百年祭	ZUN	ziki_7	020114	0
022412	0224	12	少女綺想曲	ZUN	ziki_7	020409	0
022413	0224	13	恋色マスタースパーク	ZUN	ziki_7	020410	0
022414	0224	14	封じられた妖怪	ZUN	ziki_7	020903	0
022415	0224	15	万年置き傘にご注意を	ZUN	ziki_7	021005	0
022416	0224	16	キャプテンムラサ	ZUN	ziki_7	021009	0
022417	0224	17	神さびた古戦場	ZUN	ziki_7	020713	0
022418	0224	18	今宵は飄逸なエゴイスト　～ Egoistic Flowers.	ZUN	ziki_7	022051	0
022419	0224	19	華のさかづき大江山	ZUN	ziki_7	020907	0
022420	0224	20	霊知の太陽信仰	ZUN	ziki_7	020913	0
022421	0224	21	セラフィックチキン	ZUN	ziki_7	022307	0
022422	0224	22	U.N.オーエンは彼女なのか？	ZUN	ziki_7	020115	0
022423	0224	23	強欲な獣のメメント	ZUN			1
022424	0224	24	有機体全てのメメント　～ Memory of Fossil Energy.	ZUN			1
022501	0225	1	虹の架かる幻想郷	ZUN			1
022502	0225	2	妖異達の通り雨	ZUN			1
022503	0225	3	大吉キトゥン	ZUN			1
022504	0225	4	深緑に隠された断崖	ZUN			1
022505	0225	5	バンデットリィテクノロジー	ZUN			1
022506	0225	6	駒草咲くパーペチュアルスノー	ZUN			1
022507	0225	7	スモーキングドラゴン	ZUN			1
022508	0225	8	廃れゆく産業遺構	ZUN			1
022509	0225	9	神代鉱石	ZUN			1
022510	0225	10	待ちわびた逢魔が時	ZUN			1
022511	0225	11	星降る天魔の山	ZUN			1
022512	0225	12	ルナレインボー	ZUN			1
022513	0225	13	あの賑やかな市場は今どこに　～ Immemorial Marketeers	ZUN			1
022514	0225	14	幻想の地下大線路網	ZUN			1
022515	0225	15	龍王殺しのプリンセス	ZUN			1
022516	0225	16	嵐の後の日曜日	ZUN			1
022517	0225	17	虹色の世界	ZUN			1
022518	0225	18	プレイヤーズスコア	ZUN		020718	0
022601	0226	1	コレクターの憂鬱な午後	ZUN			1
022602	0226	2	ワクワクする見慣れた幻想郷	ZUN			1
022603	0226	3	妖怪フックオン	ZUN			1
022604	0226	4	闇市場は場所を選ばない	ZUN			1
022605	0226	5	弾幕を持て、バレットフィリア達よ	ZUN			1
022606	0226	6	１００回目のブラックマーケット	ZUN			1
022607	0226	7	ルナティックドリーマー	ZUN		022203	0
022608	0226	8	ルナレインボー	ZUN		022512	0
022609	0226	9	あの賑やかな市場は今どこに　～ Immemorial Marketeers	ZUN		022513	0
022610	0226	10	虹色の世界	ZUN		022517	0
030101	0301	1	蓬莱伝説	ZUN			1
030102	0301	2	二色蓮花蝶　～ Red and White	ZUN			1
030103	0301	3	桜花之恋塚　～ Japanese Flower	ZUN			1
030104	0301	4	明治十七年の上海アリス	ZUN		020107	0
030105	0301	5	東方怪奇談	ZUN		010105	0
030106	0301	6	エニグマティクドール	ZUN			1
030107	0301	7	サーカスレヴァリエ	ZUN			1
030108	0301	8	人形の森	ZUN			1
030109	0301	9	Witch of Love Potion	ZUN		060401	0
030110	0301	10	リーインカーネイション	ZUN			1
030111	0301	11	U.N.オーエンは彼女なのか？	ZUN		020115	0
030112	0301	12	永遠の巫女	ZUN		010102	0
030113	0301	13	空飛ぶ巫女の不思議な毎日	ZUN			1
030201	0302	1	夜のデンデラ野を逝く	ZUN			1
030202	0302	2	少女秘封倶楽部	ZUN			1
030203	0302	3	東方妖々夢　～ Ancient Temple	ZUN		020210	0
030204	0302	4	古の冥界寺	ZUN			1
030205	0302	5	幻視の夜　～ Ghostly Eyes	ZUN		020402	0
030206	0302	6	魔術師メリー	ZUN			1
030207	0302	7	月の妖鳥、化猫の幻	ZUN			1
030208	0302	8	過去の花　～ Fairy of Flower	ZUN		020221	0
030209	0302	9	魔法少女十字軍	ZUN		060211	0
030210	0302	10	少女幻葬　～ Necro-Fantasy	ZUN		020216	0
030211	0302	11	幻想の永遠祭	ZUN			1
030301	0303	1	童祭　～ Innocent Treasures	ZUN			1
030302	0303	2	華胥の夢	ZUN			1
030303	0303	3	上海紅茶館　～ Chinese Tea	ZUN		020106	0
030304	0303	4	ヴォヤージュ1969	ZUN		020413	0
030305	0303	5	科学世紀の少年少女	ZUN			1
030306	0303	6	永夜の報い　～ Imperishable Night.	ZUN		020408	0
030307	0303	7	夜が降りてくる　～ Evening Star	ZUN		020317	0
030308	0303	8	人形裁判　～ 人の形弄びし少女	ZUN		020207	0
030309	0303	9	夢と現の境界	ZUN			1
030310	0303	10	幻想機械　～ Phantom Factory	ZUN			1
030311	0303	11	幽玄の槭樹　～ Eternal Dream	ZUN			1
030401	0304	1	ヒロシゲ36号　～ Neo Super-Express	ZUN			1
030402	0304	2	53ミニッツの青い海	ZUN			1
030403	0304	3	竹取飛翔　～ Lunatic Princess	ZUN		020415	0
030404	0304	4	彼岸帰航　～ Riverside View	ZUN		020514	0
030405	0304	5	青木ヶ原の伝説	ZUN			1
030406	0304	6	お宇佐さまの素い幡	ZUN		020510	0
030407	0304	7	月まで届け不死の煙	ZUN		020418	0
030408	0304	8	レトロスペクティブ京都	ZUN		020605	0
030409	0304	9	ラクトガール　～ 少女密室	ZUN		020109	0
030410	0304	10	千年幻想郷　～ History of the Moon	ZUN		020414	0
030411	0304	11	最も澄みわたる空と海	ZUN			1
030501	0305	1	月面ツアーへようこそ	ZUN			1
030502	0305	2	天空のグリニッジ	ZUN			1
030503	0305	3	東の国の眠らない夜	ZUN		020604	0
030504	0305	4	車椅子の未来宇宙	ZUN			1
030505	0305	5	Demystify Feast	ZUN		020316	0
030506	0305	6	衛星カフェテラス	ZUN			1
030507	0305	7	G Free	ZUN			1
030508	0305	8	大空魔術　～ Magical Astronomy	ZUN			1
030509	0305	9	ネクロファンタジア	ZUN		020218	0
030510	0305	10	向こう側の月	ZUN			1
030601	0306	1	未知の花 魅知の旅	ZUN			1
030602	0306	2	無間の鐘　～ Infinite Nightmare	ZUN		021205	0
030603	0306	3	明日ハレの日、ケの昨日	ZUN		020714	0
030701	0307	1	衛星トリフネ	ZUN			1
030702	0307	2	トロヤ群の密林	ZUN			1
030703	0307	3	デザイアドライブ	ZUN		021408	0
030704	0307	4	フェアリー冒険譚	ZUN		050801	0
030705	0307	5	天鳥船神社	ZUN			1
030706	0307	6	夜空のユーフォーロマンス	ZUN		021014	0
030707	0307	7	ハルトマンの妖怪少女	ZUN		020915	0
030708	0307	8	天鳥船神社の結界	ZUN			1
030709	0307	9	感情の摩天楼　～ Cosmic Mind	ZUN		021013	0
030710	0307	10	宇宙に浮かぶ幻想郷	ZUN			1
030801	0308	1	緑のサナトリウム	ZUN			1
030802	0308	2	牛に引かれて善光寺参り	ZUN			1
030803	0308	3	ハートフェルトファンシー	ZUN		020908	0
030804	0308	4	六十年目の東方裁判　～ Fate of Sixty Years	ZUN		020515	0
030805	0308	5	アガルタの風	ZUN			1
030806	0308	6	イザナギオブジェクト	ZUN			1
030807	0308	7	妖怪裏参道	ZUN		021414	0
030808	0308	8	アンノウンＸ　～ Unfound Adventure	ZUN		021112	0
030809	0308	9	日本中の不思議を集めて	ZUN			1
030810	0308	10	素敵な墓場で暮しましょ	ZUN		021406	0
030901	0309	1	他愛も無い二人の博物誌	ZUN			1
030902	0309	2	凍り付いた永遠の都	ZUN		021908	0
030903	0309	3	Dr.レイテンシーの眠れなくなる瞳	ZUN			1
030904	0309	4	九月のパンプキン	ZUN		021905	0
030905	0309	5	須臾はプランクを超えて	ZUN			1
030906	0309	6	シュレディンガーの化猫	ZUN			1
030907	0309	7	空中に沈む輝針城	ZUN		021610	0
030908	0309	8	禁忌の膜壁	ZUN			1
030909	0309	9	故郷の星が映る海	ZUN		021912	0
030910	0309	10	ピュアヒューリーズ　～ 心の在処	ZUN		021913	0
030911	0309	11	永遠の三日天下	ZUN		021705	0
031001	0310	1	バー・オールドアダム	ZUN			1
031002	0310	2	燕石博物誌が連れてきた闇	ZUN			1
031003	0310	3	リバースイデオロギー	ZUN		021611	0
031004	0310	4	アウトサイダーカクテル	ZUN			1
031005	0310	5	大神神話伝	ZUN		021411	0
031006	0310	6	パンデモニックプラネット	ZUN		021915	0
031007	0310	7	旧世界の冒険酒場	ZUN			1
031008	0310	8	魔界地方都市エソテリア	ZUN		021010	0
031009	0310	9	亡失のエモーション	ZUN		021516	0
031010	0310	10	二日酔いの同床異夢	ZUN			1
031101	0311	1	七ツ石の狼、雲を取りに駆ける	ZUN			1
031102	0311	2	幻想のホワイトトラベラー	ZUN		022108	0
031103	0311	3	あの賑やかな市場は今どこに　～ Immemorial Marketeers	ZUN		022513	0
040101	0401	1	幻想郷　～ Lotus Land Story	ZUN		010401	0
040102	0401	2	Witching Dream	ZUN		010402	0
040103	0401	3	Selene's light	ZUN		010403	0
040104	0401	4	装飾戦　～ Decoration Battle	ZUN		010404	0
040105	0401	5	Break the Sabbath	ZUN		010405	0
040106	0401	6	紅響曲　～ Scarlet Phoneme	ZUN		010406	0
040107	0401	7	Bad Apple!!	ZUN		010407	0
040108	0401	8	霊戦　～ Perdition crisis	ZUN		010408	0
040109	0401	9	アリスマエステラ	ZUN		010409	0
040110	0401	10	少女綺想曲　～ Capriccio	ZUN		010410	0
040111	0401	11	星の器　～ Casket of Star	ZUN		010411	0
040112	0401	12	Lotus Love	ZUN		010412	0
040113	0401	13	眠れる恐怖　～ Sleeping Terror	ZUN		010413	0
040114	0401	14	Dream Land	ZUN		010414	0
040115	0401	15	幽夢　～ Inanimate Dream	ZUN		010415	0
040116	0401	16	禁じざるをえない遊戯	ZUN		010416	0
040117	0401	17	メイド幻想　～ Icemilk Magic	ZUN		010417	0
040118	0401	18	かわいい悪魔　～ Innocence	ZUN		010418	0
040119	0401	19	Days	ZUN		010419	0
040120	0401	20	Peaceful	ZUN		010420	0
040121	0401	21	Arcadian Dream	ZUN		010421	0
040122	0401	22	幻想の住人	ZUN		010422	0
040123	0401	23	Lotus Road	ZUN		010423	0
040124	0401	24	Dreamy pilot	ZUN		010424	0
040125	0401	25	Incomplete Plot	ZUN		010425	0
040126	0401	26	Border Land	ZUN		010426	0
040127	0401	27	Magic Shop of Raspberry	ZUN		010427	0
040128	0401	28	Crescent Dream	ZUN		010428	0
040129	0401	29	装飾戦　～ Decoration Battle（未使用バージョン）	ZUN		010404	0
040130	0401	30	幽夢　～ Inanimate Dream（未使用バージョン）	ZUN		010415	0
040201	0402	1	怪綺談　～ Mystic Square	ZUN		010501	0
040202	0402	2	Dream Express	ZUN		010502	0
040203	0402	3	魔方陣　～ Magic Square	ZUN			1
040204	0402	4	夢想時空	ZUN		010504	0
040205	0402	5	霊天　～ Spiritual Heaven	ZUN		010505	0
040206	0402	6	Romantic Children	ZUN		010506	0
040207	0402	7	プラスチックマインド	ZUN		010507	0
040208	0402	8	メイプルワイズ	ZUN		010508	0
040209	0402	9	禁断の魔法　～ Forbidden Magic	ZUN		010509	0
040210	0402	10	真紅の少女　～ Crimson Dead!!	ZUN		010510	0
040211	0402	11	裏切りの少女　～ Judas Kiss	ZUN		010511	0
040212	0402	12	the Last Judgement	ZUN		010512	0
040213	0402	13	悲しき人形　～ Doll of Misery	ZUN		010513	0
040214	0402	14	世界の果て　～ World's End	ZUN		010514	0
040215	0402	15	神話幻想　～ Infinite Being	ZUN		010515	0
040216	0402	16	不思議の国のアリス	ZUN		010516	0
040217	0402	17	the Grimoire of Alice	ZUN		010517	0
040218	0402	18	神社	ZUN		010518	0
040219	0402	19	Endless	ZUN		010519	0
040220	0402	20	久遠の楽園	ZUN		010520	0
040221	0402	21	Mystic Dream	ZUN		010521	0
040222	0402	22	魂の休らむ場所	ZUN		010523	0
040223	0402	23	Peaceful Romancer	ZUN		010522	0
040301	0403	1	東方封魔録　～ 浄土曼荼羅	ZUN		010201	0
040302	0403	2	博麗　～ Eastern Wind	ZUN		010202	0
040303	0403	3	She's in a temper!!	ZUN		010203	0
040304	0403	4	End of Daylight	ZUN		010204	0
040305	0403	5	やみのちから	ZUN		010205	0
040306	0403	6	幻夢界	ZUN		010206	0
040307	0403	7	死を賭して	ZUN		010207	0
040308	0403	8	ひもろぎ、むらさきにもえ	ZUN		010208	0
040309	0403	9	恋色マジック	ZUN		010209	0
040310	0403	10	東方封魔録　～ 幽幻乱舞	ZUN		010210	0
040311	0403	11	Complete Darkness	ZUN		010211	0
040312	0403	12	エキストララブ	ZUN		010212	0
040313	0403	13	戦車むすめのみるゆめ	ZUN		010213	0
040314	0403	14	遠野の森	ZUN		010214	0
040315	0403	15	昔話わんだーらんど	ZUN		010215	0
040316	0403	16	博麗神社境内	ZUN		010216	0
040317	0403	17	陽落ちて	ZUN		010217	0
040318	0403	18	封魔終演	ZUN		010218	0
040401	0404	1	夢は時空を越えて	ZUN		010301	0
040402	0404	2	Selection	ZUN		010302	0
040403	0404	3	東方妖恋談	ZUN		010303	0
040404	0404	4	Reincarnation	ZUN		010304	0
040405	0404	5	Dim. Dream	ZUN		010305	0
040406	0404	6	Tabula rasa　～ 空白少女	ZUN		010306	0
040407	0404	7	Maniacal Princess	ZUN		010307	0
040408	0404	8	夢消失　～ Lost Dream	ZUN		010308	0
040409	0404	9	夢幻遊戯　～ Dream War	ZUN		010309	0
040410	0404	10	勝利デモ	ZUN		010320	0
040411	0404	11	魔法決戦！　～ Fight it out!	ZUN		010310	0
040412	0404	12	非統一魔法世界論	ZUN		010313	0
040413	0404	13	Sailor of Time	ZUN		010311	0
040414	0404	14	魔法鐘愛	ZUN		010314	0
040415	0404	15	Strawberry Crisis!!	ZUN		010312	0
040416	0404	16	久遠の夢	ZUN		010315	0
040417	0404	17	東方の青い空	ZUN		010316	0
040418	0404	18	久遠の満月	ZUN			1
040419	0404	19	Maple Dream...	ZUN		010318	0
040420	0404	20	ゲームオーバー	ZUN		010321	0
040421	0404	21	霊人の休日	ZUN		010319	0
040422	0404	22	時の風	ZUN		010322	0
040423	0404	23	スターボウドリーム	ZUN		010323	0
040424	0404	24	Phantasmagoria	ZUN		010324	0
040501	0405	1	A Sacred Lot	ZUN		010101	0
040502	0405	2	永遠の巫女	ZUN		010102	0
040503	0405	3	The Positive and Negative	ZUN		010103	0
040504	0405	4	Highly Responsive to Prayers	ZUN		010104	0
040505	0405	5	東方怪奇談	ZUN		010105	0
040506	0405	6	天使伝説	ZUN		010106	0
040507	0405	7	Oriental Magician	ZUN		010107	0
040508	0405	8	破邪の小太刀	ZUN		010108	0
040509	0405	9	魔鏡	ZUN		010109	0
040510	0405	10	the Legend of KAGE	ZUN		010110	0
040511	0405	11	いざ、倒れ逝くその時まで	ZUN		010111	0
040512	0405	12	Civilization of Magic	ZUN			1
040513	0405	13	星幽天使	ZUN			1
040514	0405	14	アイリス	ZUN		010114	0
040515	0405	15	テーマ・オブ・イースタンストーリー	ZUN			1
050101	0501	1	風神少女	ZUN		020606	0
050102	0501	2	おてんば恋娘の冒険	ZUN		020507	0
050103	0501	3	花映塚 ～ after Higan Retour	ZUN			1
050201	0502	1	ジャパニーズサーガ	ZUN			1
050202	0502	2	阿礼の子供	ZUN			1
050203	0502	3	夜の鳩山を飛ぶ‐Power Mix	ZUN			1
050301	0503	1	サニールチルフレクション	ZUN			1
050302	0503	2	夜だから眠れない	ZUN			1
050303	0503	3	妖精燦々として	ZUN			1
050401	0504	1	サニーミルクの紅霧異変	ZUN			1
050402	0504	2	雪月桜花の国	ZUN			1
050403	0504	3	スターヴォヤージュ2008	ZUN			1
050501	0505	1	妖怪宇宙旅行	ZUN			1
050502	0505	2	綿月のスペルカード ～Lunatic Blue	ZUN			1
050503	0505	3	呑んべぇのレムリア(Retro Ver)	ZUN			1
050601	0506	1	可愛い大戦争のリフレーン	ZUN		021302	0
050602	0506	2	サニールチルフレクション	ZUN		050301	0
050603	0506	3	夜だから眠れない	ZUN		050302	0
050604	0506	4	妖精燦々として	ZUN		050303	0
050701	0507	1	魔法使いの憂鬱	ZUN			1
050702	0507	2	スプートニク幻夜	ZUN		060208	0
050801	0508	1	フェアリー冒険譚	ZUN			1
050802	0508	2	二つの世界	ZUN			1
050901	0509	1	神域のかくれんぼ暮らし	ZUN			1
050902	0509	2	妖怪モダンコロニー	ZUN		021203	0
051001	0510	1	年中夢中の好奇心	ZUN		021304	0
051002	0510	2	真夜中のフェアリーダンス	ZUN		021305	0
051003	0510	3	妖精大戦争　～ Fairy Wars	ZUN		021306	0
051101	0511	1	判読眼のビブロフィリア	ZUN			1
051102	0511	2	運河を行き交う人妖	ZUN		021604	0
051103	0511	3	兎は舞い降りた	ZUN		021903	0
060001	0600	1	夜の鳩山を飛ぶ	ZUN			1
060101	0601	1	宵闇の魔術師	ZUN			1
060102	0601	2	Magic of Life	ZUN			1
060103	0601	3	Plastic Space	ZUN			1
060104	0601	4	Inventive City	ZUN			1
060105	0601	5	夢幻回廊	ZUN			1
060106	0601	6	蓬莱幻想　～ far East	ZUN			1
060201	0602	1	秋霜玉　～ Clockworks	ZUN			1
060202	0602	2	フォルスストロベリー	ZUN			1
060203	0602	3	プリムローズシヴァ	ZUN			1
060204	0602	4	幻想帝都	ZUN			1
060205	0602	5	ディザストラスジェミニ	ZUN			1
060206	0602	6	華の幻想 紅夢の宙	ZUN			1
060207	0602	7	天空アーミー	ZUN			1
060208	0602	8	スプートニク幻夜	ZUN			1
060209	0602	9	機械サーカス　～ Reverie	ZUN			1
060210	0602	10	カナベラルの夢幻少女	ZUN			1
060211	0602	11	魔法少女十字軍	ZUN			1
060212	0602	12	アンティークテラー	ZUN			1
060213	0602	13	夢機械　～ Innocent Power	ZUN			1
060214	0602	14	幻想科学　～ Doll's Phantom	ZUN			1
060215	0602	15	少女神性　～ Pandora's Box	ZUN			1
060216	0602	16	シルクロードアリス	ZUN			1
060217	0602	17	魔女達の舞踏会	ZUN			1
060218	0602	18	二色蓮花蝶　～ Ancients	ZUN			1
060219	0602	19	ハーセルヴズ	ZUN			1
060220	0602	20	タイトルドメイド	ZUN			1
060301	0603	1	稀翁玉　～ Fairy Dance	ZUN			1
060302	0603	2	天鵞絨少女戦　～ Velvet Battle	ZUN			1
060303	0603	3	Castle Explorer -in the Sky-	ZUN			1
060304	0603	4	オルフェの詩　～ Pseudoclassic	ZUN			1
060305	0603	5	新幻想　～ New Fantasy	ZUN			1
060306	0603	6	オルレアンの聖騎士	ZUN			1
060307	0603	7	My Maid, Sweet Maid	ZUN			1
060308	0603	8	桜花之恋塚　～ Flower of Japan	ZUN			1
060309	0603	9	乙女戦士　～ Heart of Valkyrie	ZUN			1
060310	0603	10	エニグマティクドール　～ God Knows	ZUN			1
060401	0604	1	Witch of Love Potion	ZUN			1
060402	0604	2	Magical and Hopeless	ZUN			1
060403	0604	3	Sacred Battle	ZUN			1
060501	0605	1	シンデレラケージ　～ Kagome-Kagome	ZUN		020411	0
060502	0605	2	妖々跋扈　～ Speed Fox!	ZUN			1
060601	0606	1	呑んべぇのレムリア	ZUN			1
060701	0607	1	AN ORDEAL FROM GOD	ZUN			1
060801	0608	1	キュアリアス上海古牌	ZUN			1
060802	0608	2	神魔討綺伝 AN ORDEAL FROM GOD	ZUN		060701	0
060901	0609	1	巨大な影と小さな結末	あきやまうに			1
061001	0610	1	狂気の瞳　～ Invisible Full Moon	ZUN	ビートまりお	020412	0
061002	0610	2	ネオ竹林インフレイム	あきやまうに			1
061003	0610	3	億万劫の鐘	あきやまうに			1
061004	0610	4	オカルトアトラクト	あきやまうに			1
061005	0610	5	境界フォークロア	あきやまうに			1
061006	0610	6	アンノウンＸ　～ Occultly Madness	ZUN			1
061007	0610	7	相貌の狂い　～ Horrible Night	あきやまうに			1
061101	0611	1	心綺楼祭囃子	あきやまうに			1
061201	0612	1	憑依華	あきやまうに			1
061301	0613	1	日々是紅日　～ Folksy Touhou days.	ZUN			1
069901	0699	1	オリジナル				1
069902	0699	2	原曲多数				1
069999	0699	3	その他				1
